{"Overall AUC": 0.7527046186895812, "Balanced Accuracy": 0.5753684210526315, "Accuracy": 0.8660714285714286, "Precision": 0.48, "Recall": 0.18045112781954886, "F1": 0.26229508196721313, "_timestamp": 1709344187.201953, "_runtime": 1.46915602684021, "_step": 0, "_wandb": {"runtime": 0}}