{"_wandb": {"runtime": 0}, "Overall AUC": 0.7245772247942387, "Balanced Accuracy": 0.6556712962962963, "Accuracy": 0.7321428571428571, "Precision": 0.27816901408450706, "Recall": 0.5486111111111112, "F1": 0.3691588785046729, "_timestamp": 1709343379.8933039, "_runtime": 1.3252859115600586, "_step": 618964}