{"Overall AUC": 0.7567890059249506, "Balanced Accuracy": 0.6973502304147465, "Accuracy": 0.7470238095238095, "Precision": 0.3024054982817869, "Recall": 0.6285714285714286, "F1": 0.40835266821345706, "_timestamp": 1709339749.3469498, "_runtime": 1.6576447486877441, "_step": 0, "_wandb": {"runtime": 0}}