{"_wandb": {"runtime": 0}, "Overall AUC": 0.7564042130642082, "Balanced Accuracy": 0.6828726421290965, "Accuracy": 0.7529761904761905, "Precision": 0.32116788321167883, "Recall": 0.5827814569536424, "F1": 0.41411764705882353, "_timestamp": 1709342150.6826506, "_runtime": 1.5180096626281738, "_step": 418054}