{"Overall AUC": 0.7227552890221556, "Balanced Accuracy": 0.6525987006496752, "Accuracy": 0.7371031746031746, "Precision": 0.2690909090909091, "Recall": 0.5362318840579711, "F1": 0.3583535108958838, "_timestamp": 1709339650.8078902, "_runtime": 1.6282811164855957, "_step": 0, "_wandb": {"runtime": 0}}