{"Overall AUC": 0.7114790482954546, "Balanced Accuracy": 0.6448153409090909, "Accuracy": 0.7470238095238095, "Precision": 0.2529182879377432, "Recall": 0.5078125, "F1": 0.33766233766233766, "_timestamp": 1709344293.5091817, "_runtime": 1.9180078506469727, "_step": 0, "_wandb": {"runtime": 0}}