{"Overall AUC": 0.7459669647271783, "Balanced Accuracy": 0.5759048664593931, "Accuracy": 0.873015873015873, "Precision": 0.6216216216216216, "Recall": 0.1678832116788321, "F1": 0.26436781609195403, "_timestamp": 1709337384.6052897, "_runtime": 1.572899580001831, "_step": 0, "_wandb": {"runtime": 0}}