{"_wandb": {"runtime": 0}, "Overall AUC": 0.7401635984835548, "Balanced Accuracy": 0.6755097510160866, "Accuracy": 0.7331349206349206, "Precision": 0.2711864406779661, "Recall": 0.5970149253731343, "F1": 0.372960372960373, "_timestamp": 1709343261.8198824, "_runtime": 1.6942694187164307, "_step": 878277}