{"Overall AUC": 0.7440620576036294, "Balanced Accuracy": 0.6856471094700765, "Accuracy": 0.7341269841269841, "Precision": 0.2857142857142857, "Recall": 0.6187050359712231, "F1": 0.39090909090909093, "_timestamp": 1709416479.135576, "_runtime": 1.4195261001586914, "_step": 0, "_wandb": {"runtime": 0}}