{"_wandb": {"runtime": 0}, "Overall AUC": 0.7065650720164608, "Balanced Accuracy": 0.5561342592592593, "Accuracy": 0.8442460317460317, "Precision": 0.38596491228070173, "Recall": 0.1527777777777778, "F1": 0.21890547263681592, "_timestamp": 1709343403.8837588, "_runtime": 1.5607397556304932, "_step": 618964}