{"_wandb": {"runtime": 0}, "_timestamp": 1709343105.9690983, "_runtime": 2.2901504039764404, "_step": 897365}