{"Overall AUC": 0.7462811284131364, "Balanced Accuracy": 0.6768433330141792, "Accuracy": 0.7371031746031746, "Precision": 0.2689655172413793, "Recall": 0.5954198473282443, "F1": 0.37054631828978624, "_timestamp": 1709337618.416127, "_runtime": 1.444253921508789, "_step": 0, "_wandb": {"runtime": 0}}