{"_wandb": {"runtime": 0}, "Overall AUC": 0.7288627050038969, "Balanced Accuracy": 0.5072992700729927, "Accuracy": 0.8660714285714286, "Precision": 1.0, "Recall": 0.014598540145985401, "F1": 0.02877697841726619, "_timestamp": 1709342063.4503717, "_runtime": 1.5171756744384766, "_step": 788051}