{"Overall AUC": 0.735081585081585, "Balanced Accuracy": 0.5473426573426573, "Accuracy": 0.8521825396825397, "Precision": 0.5151515151515151, "Recall": 0.11333333333333333, "F1": 0.18579234972677597, "_timestamp": 1709344084.827842, "_runtime": 1.4219601154327393, "_step": 0, "_wandb": {"runtime": 0}}