{"Overall AUC": 0.7469099519003898, "Balanced Accuracy": 0.6869427357998527, "Accuracy": 0.7311507936507936, "Precision": 0.28431372549019607, "Recall": 0.6258992805755396, "F1": 0.39101123595505616, "_timestamp": 1709416491.2656422, "_runtime": 1.6730670928955078, "_step": 0, "_wandb": {"runtime": 0}}