{"Overall AUC": 0.7648617511520738, "Balanced Accuracy": 0.696889400921659, "Accuracy": 0.7410714285714286, "Precision": 0.2976588628762542, "Recall": 0.6357142857142857, "F1": 0.4054669703872437, "_timestamp": 1709339755.5340116, "_runtime": 1.494924545288086, "_step": 0, "_wandb": {"runtime": 0}}