{"Overall AUC": 0.7464172641567673, "Balanced Accuracy": 0.6573008439823267, "Accuracy": 0.7599206349206349, "Precision": 0.27125506072874495, "Recall": 0.5193798449612403, "F1": 0.35638297872340424, "_timestamp": 1709337983.6268146, "_runtime": 1.3517956733703613, "_step": 0, "_wandb": {"runtime": 0}}