{"AR": 0.79, "Kickout": -0.004784688995215311, "_timestamp": 1709417140.0500753, "_runtime": 1.6552882194519043, "_step": 79, "_wandb": {"runtime": 0}}