{"Overall AUC": 0.6994051278898179, "Balanced Accuracy": 0.5446077225774717, "Accuracy": 0.8422619047619048, "Precision": 0.4186046511627907, "Recall": 0.11842105263157894, "F1": 0.18461538461538463, "_timestamp": 1709338707.8702335, "_runtime": 1.500171422958374, "_step": 0, "_wandb": {"runtime": 0}}