{"Overall AUC": 0.7292870470687371, "Balanced Accuracy": 0.5697905381003973, "Accuracy": 0.8392857142857143, "Precision": 0.45161290322580644, "Recall": 0.1794871794871795, "F1": 0.25688073394495414, "_timestamp": 1709339471.4879308, "_runtime": 1.2148568630218506, "_step": 0, "_wandb": {"runtime": 0}}