{"Overall AUC": 0.7605990783410137, "Balanced Accuracy": 0.6914746543778802, "Accuracy": 0.7420634920634921, "Precision": 0.29591836734693877, "Recall": 0.6214285714285714, "F1": 0.4009216589861751, "_timestamp": 1709339743.3415112, "_runtime": 1.3998782634735107, "_step": 0, "_wandb": {"runtime": 0}}