{"_wandb": {"runtime": 0}, "Overall AUC": 0.7796838999151138, "Balanced Accuracy": 0.5577630462023525, "Accuracy": 0.8621031746031746, "Precision": 0.5588235294117647, "Recall": 0.13286713286713286, "F1": 0.21468926553672316, "_timestamp": 1709343151.0851424, "_runtime": 1.4865052700042725, "_step": 897365}