{"Overall AUC": 0.7656008873456791, "Balanced Accuracy": 0.6915509259259259, "Accuracy": 0.7490079365079365, "Precision": 0.3087719298245614, "Recall": 0.6111111111111112, "F1": 0.41025641025641024, "_timestamp": 1709338827.8825464, "_runtime": 1.6071903705596924, "_step": 0, "_wandb": {"runtime": 0}}