{"Overall AUC": 0.7620309414088217, "Balanced Accuracy": 0.5769585253456221, "Accuracy": 0.8492063492063492, "Precision": 0.4117647058823529, "Recall": 0.2, "F1": 0.2692307692307692, "_timestamp": 1709339773.1950643, "_runtime": 1.548241376876831, "_step": 0, "_wandb": {"runtime": 0}}