{"Overall AUC": 0.7029162152401589, "Balanced Accuracy": 0.5330895630191405, "Accuracy": 0.8303571428571429, "Precision": 0.3404255319148936, "Recall": 0.10256410256410256, "F1": 0.15763546798029557, "_timestamp": 1709339477.564669, "_runtime": 1.6362907886505127, "_step": 0, "_wandb": {"runtime": 0}}