{"_timestamp": 1709415809.604364, "_runtime": 0.7975339889526367, "_step": 0, "_wandb": {"runtime": 0}}