{"_wandb": {"runtime": 0}, "Overall AUC": 0.7168897590602149, "Balanced Accuracy": 0.6640428337395612, "Accuracy": 0.7440476190476191, "Precision": 0.29304029304029305, "Recall": 0.5517241379310345, "F1": 0.3827751196172249, "_timestamp": 1709343488.767719, "_runtime": 1.5552260875701904, "_step": 449288}