{"_wandb": {"runtime": 0}, "Overall AUC": 0.7779053316625572, "Balanced Accuracy": 0.5653340878774404, "Accuracy": 0.8650793650793651, "Precision": 0.6, "Recall": 0.14685314685314685, "F1": 0.23595505617977527, "_timestamp": 1709343157.3916469, "_runtime": 1.3968079090118408, "_step": 897365}