{"_wandb": {"runtime": 0}, "Kickout": 0, "_timestamp": 1709416138.6291485, "_runtime": 1.6140384674072266, "_step": 20}