{"Overall AUC": 0.706026297485062, "Balanced Accuracy": 0.6386148985560687, "Accuracy": 0.7103174603174603, "Precision": 0.24422442244224424, "Recall": 0.5401459854014599, "F1": 0.33636363636363636, "_timestamp": 1709339334.0994263, "_runtime": 1.4595081806182861, "_step": 0, "_wandb": {"runtime": 0}}