{"Overall AUC": 0.7148792613636364, "Balanced Accuracy": 0.6425426136363637, "Accuracy": 0.7430555555555556, "Precision": 0.24904214559386972, "Recall": 0.5078125, "F1": 0.3341902313624679, "_timestamp": 1709344299.3830261, "_runtime": 1.2798020839691162, "_step": 0, "_wandb": {"runtime": 0}}