{"Overall AUC": 0.7568318666049096, "Balanced Accuracy": 0.5, "Accuracy": 0.8819444444444444, "Precision": 0.0, "Recall": 0.0, "F1": 0.0, "_timestamp": 1709339250.5144172, "_runtime": 1.626934289932251, "_step": 0, "_wandb": {"runtime": 0}}