{"Overall AUC": 0.7430394431554526, "Balanced Accuracy": 0.6521628579601437, "Accuracy": 0.7261904761904762, "Precision": 0.27586206896551724, "Recall": 0.547945205479452, "F1": 0.3669724770642202, "_timestamp": 1709417098.2674336, "_runtime": 1.4369356632232666, "_step": 0, "_wandb": {"runtime": 0}}