{"Overall AUC": 0.7119239530401262, "Balanced Accuracy": 0.528780445067461, "Accuracy": 0.8640873015873016, "Precision": 0.37037037037037035, "Recall": 0.07692307692307693, "F1": 0.12738853503184713, "_timestamp": 1709338976.219381, "_runtime": 1.6327919960021973, "_step": 0, "_wandb": {"runtime": 0}}