{"Overall AUC": 0.7782747292066488, "Balanced Accuracy": 0.7019484110203948, "Accuracy": 0.7559523809523809, "Precision": 0.31560283687943264, "Recall": 0.6267605633802817, "F1": 0.419811320754717, "_timestamp": 1709415716.293951, "_runtime": 1.4646251201629639, "_step": 0, "_wandb": {"runtime": 0}}