{"_wandb": {"runtime": 0}, "_timestamp": 1709343476.4918437, "_runtime": 0.8022146224975586, "_step": 449288}