{"Overall AUC": 0.8078127162031271, "Balanced Accuracy": 0.6156600249066002, "Accuracy": 0.8799603174603174, "Precision": 0.5964912280701754, "Recall": 0.25757575757575757, "F1": 0.35978835978835977, "_timestamp": 1709416948.5713077, "_runtime": 1.5545027256011963, "_step": 0, "_wandb": {"runtime": 0}}