{"_wandb": {"runtime": 0}, "Overall AUC": 0.7426141603196831, "Balanced Accuracy": 0.5655247788517368, "Accuracy": 0.8492063492063492, "Precision": 0.36363636363636365, "Recall": 0.1791044776119403, "F1": 0.24, "_timestamp": 1709343267.9198666, "_runtime": 1.5868775844573975, "_step": 878277}