{"Overall AUC": 0.7271928267045454, "Balanced Accuracy": 0.5486505681818181, "Accuracy": 0.8472222222222222, "Precision": 0.296875, "Recall": 0.1484375, "F1": 0.19791666666666666, "_timestamp": 1709416317.7454093, "_runtime": 1.620819330215454, "_step": 0, "_wandb": {"runtime": 0}}