{"Overall AUC": 0.7746913580246912, "Balanced Accuracy": 0.546875, "Accuracy": 0.8531746031746031, "Precision": 0.4473684210526316, "Recall": 0.11805555555555555, "F1": 0.18681318681318682, "_timestamp": 1709338849.6056025, "_runtime": 1.2129065990447998, "_step": 0, "_wandb": {"runtime": 0}}