{"Overall AUC": 0.7237964351157754, "Balanced Accuracy": 0.5842078960519741, "Accuracy": 0.8611111111111112, "Precision": 0.4827586206896552, "Recall": 0.2028985507246377, "F1": 0.2857142857142857, "_timestamp": 1709339668.7346725, "_runtime": 1.5337834358215332, "_step": 0, "_wandb": {"runtime": 0}}