{"Overall AUC": 0.7347478674009287, "Balanced Accuracy": 0.6502267573696145, "Accuracy": 0.7390873015873016, "Precision": 0.24723247232472326, "Recall": 0.5317460317460317, "F1": 0.33753148614609574, "_timestamp": 1709339552.0196488, "_runtime": 1.4524657726287842, "_step": 0, "_wandb": {"runtime": 0}}