{"Overall AUC": 0.7424812534074557, "Balanced Accuracy": 0.6716955499745279, "Accuracy": 0.7559523809523809, "Precision": 0.2720306513409962, "Recall": 0.5590551181102362, "F1": 0.36597938144329895, "_timestamp": 1709416611.27398, "_runtime": 1.4609417915344238, "_step": 0, "_wandb": {"runtime": 0}}