{"_timestamp": 1709417092.45397, "_runtime": 0.7327489852905273, "_step": 0, "_wandb": {"runtime": 0}}