{"Overall AUC": 0.7220056638347494, "Balanced Accuracy": 0.6495502248875562, "Accuracy": 0.7371031746031746, "Precision": 0.2673992673992674, "Recall": 0.5289855072463768, "F1": 0.35523114355231145, "_timestamp": 1709339656.6511135, "_runtime": 1.3273875713348389, "_step": 0, "_wandb": {"runtime": 0}}