{"Overall AUC": 0.7095118052139695, "Balanced Accuracy": 0.6428922774225283, "Accuracy": 0.7380952380952381, "Precision": 0.2894736842105263, "Recall": 0.506578947368421, "F1": 0.3684210526315789, "_timestamp": 1709338688.3438559, "_runtime": 1.871595859527588, "_step": 0, "_wandb": {"runtime": 0}}