{"Overall AUC": 0.7756562469505253, "Balanced Accuracy": 0.6773005236964512, "Accuracy": 0.7490079365079365, "Precision": 0.29818181818181816, "Recall": 0.5774647887323944, "F1": 0.3932853717026379, "_timestamp": 1709415722.0100493, "_runtime": 1.595731258392334, "_step": 0, "_wandb": {"runtime": 0}}