{"_wandb": {"runtime": 0}, "Overall AUC": 0.6995497166756611, "Balanced Accuracy": 0.5625337290879655, "Accuracy": 0.8551587301587301, "Precision": 0.4074074074074074, "Recall": 0.16176470588235295, "F1": 0.23157894736842105, "_timestamp": 1709343027.7429442, "_runtime": 2.1626832485198975, "_step": 357198}