{"_wandb": {"runtime": 0}, "Overall AUC": 0.7024739583333334, "Balanced Accuracy": 0.5150462962962963, "Accuracy": 0.8581349206349206, "Precision": 0.5555555555555556, "Recall": 0.034722222222222224, "F1": 0.06535947712418301, "_timestamp": 1709343397.4992504, "_runtime": 1.3289663791656494, "_step": 618964}