{"_wandb": {"runtime": 0}, "Overall AUC": 0.7309248949759215, "Balanced Accuracy": 0.6603111445063015, "Accuracy": 0.7232142857142857, "Precision": 0.25752508361204013, "Recall": 0.5746268656716418, "F1": 0.3556581986143187, "_timestamp": 1709343256.021452, "_runtime": 4.226706027984619, "_step": 878277}