{"Overall AUC": 0.7837017434620174, "Balanced Accuracy": 0.7040265670402657, "Accuracy": 0.753968253968254, "Precision": 0.29577464788732394, "Recall": 0.6363636363636364, "F1": 0.40384615384615385, "_timestamp": 1709416928.0649004, "_runtime": 1.4249873161315918, "_step": 0, "_wandb": {"runtime": 0}}