{"_wandb": {"runtime": 0}, "Overall AUC": 0.7154353298437687, "Balanced Accuracy": 0.5097654533104248, "Accuracy": 0.8581349206349206, "Precision": 0.75, "Recall": 0.020689655172413793, "F1": 0.040268456375838924, "_timestamp": 1709343501.9964366, "_runtime": 1.5847926139831543, "_step": 449288}