{"_wandb": {"runtime": 0}, "Overall AUC": 0.7741380007275962, "Balanced Accuracy": 0.7008407777193904, "Accuracy": 0.7470238095238095, "Precision": 0.30952380952380953, "Recall": 0.6363636363636364, "F1": 0.41647597254004576, "_timestamp": 1709343111.8168986, "_runtime": 1.4351584911346436, "_step": 897365}