{"Overall AUC": 0.7556995263687453, "Balanced Accuracy": 0.6756975631303835, "Accuracy": 0.7281746031746031, "Precision": 0.28052805280528054, "Recall": 0.6028368794326241, "F1": 0.38288288288288286, "_timestamp": 1709328937.5410452, "_runtime": 1.2066752910614014, "_step": 0, "_wandb": {"runtime": 0}}