{"Overall AUC": 0.7157963903977571, "Balanced Accuracy": 0.6531978272297179, "Accuracy": 0.7440476190476191, "Precision": 0.2593984962406015, "Recall": 0.5307692307692308, "F1": 0.3484848484848485, "_timestamp": 1709338952.8493097, "_runtime": 1.54233980178833, "_step": 0, "_wandb": {"runtime": 0}}