{"Overall AUC": 0.7317172264355363, "Balanced Accuracy": 0.6720386421090647, "Accuracy": 0.7509920634920635, "Precision": 0.32342007434944237, "Recall": 0.5576923076923077, "F1": 0.40941176470588236, "_timestamp": 1709339453.3307376, "_runtime": 1.795851707458496, "_step": 0, "_wandb": {"runtime": 0}}