{"Overall AUC": 0.7441808829515597, "Balanced Accuracy": 0.6695037560596528, "Accuracy": 0.7420634920634921, "Precision": 0.2517985611510791, "Recall": 0.5737704918032787, "F1": 0.35, "_timestamp": 1709415978.811157, "_runtime": 1.4226059913635254, "_step": 0, "_wandb": {"runtime": 0}}