{"Overall AUC": 0.7599554344703927, "Balanced Accuracy": 0.5603723658899614, "Accuracy": 0.8621031746031746, "Precision": 0.4166666666666667, "Recall": 0.15267175572519084, "F1": 0.22346368715083798, "_timestamp": 1709337630.6829152, "_runtime": 1.6286392211914062, "_step": 0, "_wandb": {"runtime": 0}}