{"_timestamp": 1709415970.3692148, "_runtime": 0.7843496799468994, "_step": 0, "_wandb": {"runtime": 0}}