{"Overall AUC": 0.7160986134974228, "Balanced Accuracy": 0.503448275862069, "Accuracy": 0.8571428571428571, "Precision": 1.0, "Recall": 0.006896551724137931, "F1": 0.0136986301369863, "_timestamp": 1709415837.265869, "_runtime": 1.5258128643035889, "_step": 0, "_wandb": {"runtime": 0}}