{"_wandb": {"runtime": 0}, "Overall AUC": 0.726725720080116, "Balanced Accuracy": 0.6542777409974272, "Accuracy": 0.748015873015873, "Precision": 0.27586206896551724, "Recall": 0.5255474452554745, "F1": 0.36180904522613067, "_timestamp": 1709342051.7832303, "_runtime": 1.7372303009033203, "_step": 788051}