{"Overall AUC": 0.7251670551670552, "Balanced Accuracy": 0.6342890442890443, "Accuracy": 0.7192460317460317, "Precision": 0.2682926829268293, "Recall": 0.5133333333333333, "F1": 0.3524027459954233, "_timestamp": 1709344037.9927576, "_runtime": 1.3017475605010986, "_step": 0, "_wandb": {"runtime": 0}}