{"AR": 0.79, "Kickout": 0, "_timestamp": 1709417002.0184815, "_runtime": 1.7237296104431152, "_step": 79, "_wandb": {"runtime": 0}}