{"_timestamp": 1709337593.204438, "_runtime": 0.7837870121002197, "_step": 0, "_wandb": {"runtime": 0}}