{"_timestamp": 1709337346.7432406, "_runtime": 1.6303296089172363, "_step": 0, "_wandb": {"runtime": 0}}