{"Overall AUC": 0.7669311753614079, "Balanced Accuracy": 0.6894091766184789, "Accuracy": 0.7420634920634921, "Precision": 0.30952380952380953, "Recall": 0.6148648648648649, "F1": 0.4117647058823529, "_timestamp": 1709416093.8660471, "_runtime": 1.7874412536621094, "_step": 0, "_wandb": {"runtime": 0}}