{"Overall AUC": 0.7016821832420985, "Balanced Accuracy": 0.5711151955887641, "Accuracy": 0.8501984126984127, "Precision": 0.4482758620689655, "Recall": 0.1793103448275862, "F1": 0.2561576354679803, "_timestamp": 1709415843.5822484, "_runtime": 1.585843563079834, "_step": 0, "_wandb": {"runtime": 0}}