{"Overall AUC": 0.7862521549621052, "Balanced Accuracy": 0.5823114204859643, "Accuracy": 0.8690476190476191, "Precision": 0.6190476190476191, "Recall": 0.18309859154929578, "F1": 0.2826086956521739, "_timestamp": 1709415727.804799, "_runtime": 1.5875341892242432, "_step": 0, "_wandb": {"runtime": 0}}