{"Overall AUC": 0.7286071376441395, "Balanced Accuracy": 0.643957086556707, "Accuracy": 0.7281746031746031, "Precision": 0.23404255319148937, "Recall": 0.532258064516129, "F1": 0.3251231527093596, "_timestamp": 1709339850.7065759, "_runtime": 1.5348467826843262, "_step": 0, "_wandb": {"runtime": 0}}