{"_timestamp": 1709415701.783508, "_runtime": 0.7564990520477295, "_step": 0, "_wandb": {"runtime": 0}}