{"_timestamp": 1709344281.4889374, "_runtime": 0.7613623142242432, "_step": 0, "_wandb": {"runtime": 0}}