{"Overall AUC": 0.750453276047261, "Balanced Accuracy": 0.5660451127819549, "Accuracy": 0.8720238095238095, "Precision": 0.5555555555555556, "Recall": 0.15037593984962405, "F1": 0.23668639053254437, "_timestamp": 1709344192.9379687, "_runtime": 1.6218817234039307, "_step": 0, "_wandb": {"runtime": 0}}