{"Overall AUC": 0.7633805134957209, "Balanced Accuracy": 0.5527649769585253, "Accuracy": 0.8591269841269841, "Precision": 0.47368421052631576, "Recall": 0.12857142857142856, "F1": 0.20224719101123595, "_timestamp": 1709339761.4111264, "_runtime": 1.2371103763580322, "_step": 0, "_wandb": {"runtime": 0}}