{"Overall AUC": 0.7974955029749552, "Balanced Accuracy": 0.5957866334578663, "Accuracy": 0.878968253968254, "Precision": 0.6086956521739131, "Recall": 0.21212121212121213, "F1": 0.3146067415730337, "_timestamp": 1709416954.411097, "_runtime": 1.5657720565795898, "_step": 0, "_wandb": {"runtime": 0}}