{"Overall AUC": 0.6971599051346301, "Balanced Accuracy": 0.5458069003662206, "Accuracy": 0.8422619047619048, "Precision": 0.31666666666666665, "Recall": 0.1386861313868613, "F1": 0.19289340101522842, "_timestamp": 1709339378.6010463, "_runtime": 1.504425287246704, "_step": 0, "_wandb": {"runtime": 0}}