{"Overall AUC": 0.713011031797534, "Balanced Accuracy": 0.6404846476997165, "Accuracy": 0.7271825396825397, "Precision": 0.2491103202846975, "Recall": 0.5223880597014925, "F1": 0.3373493975903614, "_timestamp": 1709415602.0148814, "_runtime": 1.3988704681396484, "_step": 0, "_wandb": {"runtime": 0}}