{"Overall AUC": 0.7020133884353974, "Balanced Accuracy": 0.5428122545168893, "Accuracy": 0.8591269841269841, "Precision": 0.39473684210526316, "Recall": 0.11194029850746269, "F1": 0.1744186046511628, "_timestamp": 1709415627.0210211, "_runtime": 1.6402320861816406, "_step": 0, "_wandb": {"runtime": 0}}