{"Overall AUC": 0.6961617683226758, "Balanced Accuracy": 0.5304968027545499, "Accuracy": 0.8412698412698413, "Precision": 0.38235294117647056, "Recall": 0.08552631578947369, "F1": 0.13978494623655913, "_timestamp": 1709338701.9731343, "_runtime": 1.524428367614746, "_step": 0, "_wandb": {"runtime": 0}}