{"_wandb": {"runtime": 0}, "Overall AUC": 0.6999966270912034, "Balanced Accuracy": 0.5141324878575283, "Accuracy": 0.8680555555555556, "Precision": 0.8, "Recall": 0.029411764705882353, "F1": 0.05673758865248227, "_timestamp": 1709343021.2996023, "_runtime": 1.3465213775634766, "_step": 357198}