{"_timestamp": 1709339220.3480067, "_runtime": 0.9731037616729736, "_step": 0, "_wandb": {"runtime": 0}}