{"Overall AUC": 0.7296380090497737, "Balanced Accuracy": 0.6455809370894761, "Accuracy": 0.7371031746031746, "Precision": 0.23985239852398524, "Recall": 0.5241935483870968, "F1": 0.3291139240506329, "_timestamp": 1709339856.601603, "_runtime": 1.6607539653778076, "_step": 0, "_wandb": {"runtime": 0}}