{"Overall AUC": 0.7103604403409092, "Balanced Accuracy": 0.6470880681818182, "Accuracy": 0.7509920634920635, "Precision": 0.25691699604743085, "Recall": 0.5078125, "F1": 0.34120734908136485, "_timestamp": 1709344287.1730294, "_runtime": 1.2298564910888672, "_step": 0, "_wandb": {"runtime": 0}}