{"Overall AUC": 0.7106800095631681, "Balanced Accuracy": 0.6289917688445643, "Accuracy": 0.7291666666666666, "Precision": 0.24354243542435425, "Recall": 0.4925373134328358, "F1": 0.32592592592592595, "_timestamp": 1709415615.4331152, "_runtime": 1.4606702327728271, "_step": 0, "_wandb": {"runtime": 0}}