{"_wandb": {"runtime": 0}, "Kickout": 0, "_timestamp": 1709416016.7319984, "_runtime": 1.5580635070800781, "_step": 20}