{"Overall AUC": 0.7531548052291783, "Balanced Accuracy": 0.6731952623569113, "Accuracy": 0.7380952380952381, "Precision": 0.24561403508771928, "Recall": 0.5882352941176471, "F1": 0.3465346534653465, "_timestamp": 1709339236.767618, "_runtime": 6.41146183013916, "_step": 0, "_wandb": {"runtime": 0}}