{"AR": 0.79, "Kickout": -0.0048543689320388345, "_timestamp": 1709416979.2066665, "_runtime": 1.9506645202636719, "_step": 79, "_wandb": {"runtime": 0}}