{"Overall AUC": 0.7213204052729055, "Balanced Accuracy": 0.5036496350364964, "Accuracy": 0.8650793650793651, "Precision": 1.0, "Recall": 0.0072992700729927005, "F1": 0.014492753623188406, "_timestamp": 1709339366.9186866, "_runtime": 16.852869510650635, "_step": 0, "_wandb": {"runtime": 0}}