{"Overall AUC": 0.7462973234760868, "Balanced Accuracy": 0.675286238213112, "Accuracy": 0.7371031746031746, "Precision": 0.2827586206896552, "Recall": 0.5899280575539568, "F1": 0.3822843822843823, "_timestamp": 1709416484.8131533, "_runtime": 1.5381371974945068, "_step": 0, "_wandb": {"runtime": 0}}