{"Overall AUC": 0.7454350161117078, "Balanced Accuracy": 0.656390977443609, "Accuracy": 0.7410714285714286, "Precision": 0.2647058823529412, "Recall": 0.5413533834586466, "F1": 0.35555555555555557, "_timestamp": 1709344169.7043602, "_runtime": 1.613328218460083, "_step": 0, "_wandb": {"runtime": 0}}