{"Overall AUC": 0.708730570983338, "Balanced Accuracy": 0.6358213129819794, "Accuracy": 0.7251984126984127, "Precision": 0.2642857142857143, "Recall": 0.5103448275862069, "F1": 0.34823529411764703, "_timestamp": 1709415821.6991863, "_runtime": 1.5690312385559082, "_step": 0, "_wandb": {"runtime": 0}}