{"Overall AUC": 0.7724623468896865, "Balanced Accuracy": 0.5585334714872516, "Accuracy": 0.8700396825396826, "Precision": 0.4, "Recall": 0.14754098360655737, "F1": 0.2155688622754491, "_timestamp": 1709415996.8659832, "_runtime": 1.628418207168579, "_step": 0, "_wandb": {"runtime": 0}}