{"BM/Overall AUC": 0.7750292440714291, "BM/Balanced Accuracy": 0.7135512527914796, "BM/Accuracy": 0.7371031746031746, "BM/Precision": 0.3037974683544304, "BM/Recall": 0.6808510638297872, "BM/F1": 0.4201312910284464, "A-SC/Overall AUC": 0.7556995263687453, "A-SC/Balanced Accuracy": 0.6756975631303835, "A-SC/Accuracy": 0.7281746031746031, "A-SC/Precision": 0.28052805280528054, "A-SC/Recall": 0.6028368794326241, "A-SC/F1": 0.38288288288288286, "A-UW/Overall AUC": 0.7753891711044034, "A-UW/Balanced Accuracy": 0.7034896561878818, "A-UW/Accuracy": 0.7351190476190477, "A-UW/Precision": 0.2980769230769231, "A-UW/Recall": 0.6595744680851063, "A-UW/F1": 0.4105960264900662, "A-FU/Overall AUC": 0.7624072574378102, "A-FU/Balanced Accuracy": 0.5962600309210042, "A-FU/Accuracy": 0.8571428571428571, "A-FU/Precision": 0.4782608695652174, "A-FU/Recall": 0.23404255319148937, "A-FU/F1": 0.3142857142857143, "E-C/Overall AUC": 0.7712172895858385, "E-C/Balanced Accuracy": 0.5659034577535644, "E-C/Accuracy": 0.8611111111111112, "E-C/Precision": 0.5116279069767442, "E-C/Recall": 0.15602836879432624, "E-C/F1": 0.2391304347826087, "PAR/Overall AUC": 0.7717326396557789, "PAR/Balanced Accuracy": 0.6081376230091536, "PAR/Accuracy": 0.8571428571428571, "PAR/Precision": 0.4805194805194805, "PAR/Recall": 0.2624113475177305, "PAR/F1": 0.3394495412844037, "LSP/Overall AUC": 0.6684335811921764, "LSP/Balanced Accuracy": 0.6156224692630494, "LSP/Accuracy": 0.5277777777777778, "LSP/Precision": 0.19152854511970535, "LSP/Recall": 0.7375886524822695, "LSP/F1": 0.30409356725146197, "_timestamp": 1709327756.0979197, "_runtime": 56.82947278022766, "_step": 0, "_wandb": {"runtime": 56}}