{"_wandb": {"runtime": 0}, "Overall AUC": 0.7474640527340415, "Balanced Accuracy": 0.5770176577068888, "Accuracy": 0.8472222222222222, "Precision": 0.3684210526315789, "Recall": 0.208955223880597, "F1": 0.26666666666666666, "_timestamp": 1709343300.354289, "_runtime": 1.1795649528503418, "_step": 878277}