{"Overall AUC": 0.7233369381608229, "Balanced Accuracy": 0.5033694709841179, "Accuracy": 0.8740079365079365, "Precision": 0.5, "Recall": 0.007874015748031496, "F1": 0.015503875968992248, "_timestamp": 1709416628.4461975, "_runtime": 1.635744571685791, "_step": 0, "_wandb": {"runtime": 0}}