{"Overall AUC": 0.7248116403156757, "Balanced Accuracy": 0.5420290114133008, "Accuracy": 0.8591269841269841, "Precision": 0.3333333333333333, "Recall": 0.11811023622047244, "F1": 0.1744186046511628, "_timestamp": 1709416640.938013, "_runtime": 1.4987561702728271, "_step": 0, "_wandb": {"runtime": 0}}