{"_wandb": {"runtime": 0}, "Overall AUC": 0.7559251045152117, "Balanced Accuracy": 0.564285548695202, "Accuracy": 0.8621031746031746, "Precision": 0.7, "Recall": 0.1390728476821192, "F1": 0.23204419889502761, "_timestamp": 1709342173.853297, "_runtime": 1.5135281085968018, "_step": 418054}