{"_timestamp": 1709337971.311687, "_runtime": 0.7666220664978027, "_step": 0, "_wandb": {"runtime": 0}}