{"_timestamp": 1709338946.9812446, "_runtime": 0.7289595603942871, "_step": 0, "_wandb": {"runtime": 0}}