{"Overall AUC": 0.7750292440714291, "Balanced Accuracy": 0.7135512527914796, "Accuracy": 0.7371031746031746, "Precision": 0.3037974683544304, "Recall": 0.6808510638297872, "F1": 0.4201312910284464, "_timestamp": 1709328929.8391078, "_runtime": 6.916187763214111, "_step": 0, "_wandb": {"runtime": 0}}