{"_timestamp": 1709416473.3367429, "_runtime": 0.7749319076538086, "_step": 0, "_wandb": {"runtime": 0}}