{"_wandb": {"runtime": 0}, "Overall AUC": 0.7046440972222223, "Balanced Accuracy": 0.5474537037037037, "Accuracy": 0.8293650793650794, "Precision": 0.3055555555555556, "Recall": 0.1527777777777778, "F1": 0.2037037037037037, "_timestamp": 1709343409.5872386, "_runtime": 1.4618425369262695, "_step": 618964}