{"Overall AUC": 0.754230935435793, "Balanced Accuracy": 0.6014895362065773, "Accuracy": 0.8759920634920635, "Precision": 0.5357142857142857, "Recall": 0.23255813953488372, "F1": 0.32432432432432434, "_timestamp": 1709338023.6369162, "_runtime": 22.54605007171631, "_step": 0, "_wandb": {"runtime": 0}}