{"Overall AUC": 0.742524886208045, "Balanced Accuracy": 0.6782648114569071, "Accuracy": 0.7450396825396826, "Precision": 0.25806451612903225, "Recall": 0.5901639344262295, "F1": 0.35910224438902744, "_timestamp": 1709415990.970633, "_runtime": 1.6019799709320068, "_step": 0, "_wandb": {"runtime": 0}}