{"Overall AUC": 0.7399793634415428, "Balanced Accuracy": 0.6650527819668227, "Accuracy": 0.7619047619047619, "Precision": 0.27710843373493976, "Recall": 0.5348837209302325, "F1": 0.36507936507936506, "_timestamp": 1709337989.8837712, "_runtime": 1.5453002452850342, "_step": 0, "_wandb": {"runtime": 0}}