{"Overall AUC": 0.7360877974018392, "Balanced Accuracy": 0.6605787476280834, "Accuracy": 0.7390873015873016, "Precision": 0.2490974729241877, "Recall": 0.5564516129032258, "F1": 0.34413965087281795, "_timestamp": 1709339844.8603158, "_runtime": 1.5283896923065186, "_step": 0, "_wandb": {"runtime": 0}}