{"Overall AUC": 0.7717326396557789, "Balanced Accuracy": 0.6081376230091536, "Accuracy": 0.8571428571428571, "Precision": 0.4805194805194805, "Recall": 0.2624113475177305, "F1": 0.3394495412844037, "_timestamp": 1709328961.6945634, "_runtime": 1.517958402633667, "_step": 0, "_wandb": {"runtime": 0}}