{"_timestamp": 1709339737.701973, "_runtime": 0.7802748680114746, "_step": 0, "_wandb": {"runtime": 0}}