{"Overall AUC": 0.7393537439789811, "Balanced Accuracy": 0.5735841482995183, "Accuracy": 0.8601190476190477, "Precision": 0.36923076923076925, "Recall": 0.1935483870967742, "F1": 0.25396825396825395, "_timestamp": 1709339862.6357648, "_runtime": 1.4955248832702637, "_step": 0, "_wandb": {"runtime": 0}}