{"Overall AUC": 0.6870561079545454, "Balanced Accuracy": 0.6367897727272727, "Accuracy": 0.7271825396825397, "Precision": 0.23655913978494625, "Recall": 0.515625, "F1": 0.32432432432432434, "_timestamp": 1709416292.6500921, "_runtime": 1.4690570831298828, "_step": 0, "_wandb": {"runtime": 0}}