{"Overall AUC": 0.7334467471737327, "Balanced Accuracy": 0.6510806439447904, "Accuracy": 0.7212301587301587, "Precision": 0.25675675675675674, "Recall": 0.5547445255474452, "F1": 0.3510392609699769, "_timestamp": 1709337369.9517891, "_runtime": 1.5937862396240234, "_step": 0, "_wandb": {"runtime": 0}}