{"_wandb": {"runtime": 0}, "Overall AUC": 0.7401067948410828, "Balanced Accuracy": 0.6312641510891992, "Accuracy": 0.7301587301587301, "Precision": 0.275092936802974, "Recall": 0.4900662251655629, "F1": 0.3523809523809524, "_timestamp": 1709342156.5485988, "_runtime": 1.6716437339782715, "_step": 418054}