{"Overall AUC": 0.742517003762725, "Balanced Accuracy": 0.6812721763922529, "Accuracy": 0.7609126984126984, "Precision": 0.28076923076923077, "Recall": 0.5748031496062992, "F1": 0.3772609819121447, "_timestamp": 1709416622.5753093, "_runtime": 1.5213322639465332, "_step": 0, "_wandb": {"runtime": 0}}