{"Overall AUC": 0.7032943089158362, "Balanced Accuracy": 0.6388202167154122, "Accuracy": 0.7053571428571429, "Precision": 0.24193548387096775, "Recall": 0.5474452554744526, "F1": 0.33557046979865773, "_timestamp": 1709339345.796284, "_runtime": 1.165924072265625, "_step": 0, "_wandb": {"runtime": 0}}