{"_wandb": {"runtime": 0}, "Overall AUC": 0.762686717101857, "Balanced Accuracy": 0.5943071085799068, "Accuracy": 0.8482142857142857, "Precision": 0.4861111111111111, "Recall": 0.23178807947019867, "F1": 0.31390134529147984, "_timestamp": 1709342179.9444883, "_runtime": 1.6279613971710205, "_step": 418054}