{"Overall AUC": 0.7648831452674454, "Balanced Accuracy": 0.6322408126433261, "Accuracy": 0.8452380952380952, "Precision": 0.42342342342342343, "Recall": 0.3381294964028777, "F1": 0.376, "_timestamp": 1709416508.5925791, "_runtime": 1.4985301494598389, "_step": 0, "_wandb": {"runtime": 0}}