{"Overall AUC": 0.7419449980784185, "Balanced Accuracy": 0.6857767211561665, "Accuracy": 0.7628968253968254, "Precision": 0.2846153846153846, "Recall": 0.5826771653543307, "F1": 0.38242894056847543, "_timestamp": 1709416616.964268, "_runtime": 1.5206120014190674, "_step": 0, "_wandb": {"runtime": 0}}