{"Overall AUC": 0.7275524475524475, "Balanced Accuracy": 0.6405361305361306, "Accuracy": 0.7251984126984127, "Precision": 0.2756183745583039, "Recall": 0.52, "F1": 0.36027713625866054, "_timestamp": 1709344051.9146438, "_runtime": 1.7146596908569336, "_step": 0, "_wandb": {"runtime": 0}}