{"_wandb": {"runtime": 0}, "Overall AUC": 0.7087240286022666, "Balanced Accuracy": 0.635084997301673, "Accuracy": 0.7390873015873016, "Precision": 0.2567049808429119, "Recall": 0.49264705882352944, "F1": 0.33753148614609574, "_timestamp": 1709342988.426412, "_runtime": 1.3419849872589111, "_step": 357198}