{"_wandb": {"runtime": 0}, "Overall AUC": 0.7293906659850663, "Balanced Accuracy": 0.647757841896637, "Accuracy": 0.7420634920634921, "Precision": 0.2679245283018868, "Recall": 0.5182481751824818, "F1": 0.35323383084577115, "_timestamp": 1709342057.7284062, "_runtime": 1.5461320877075195, "_step": 788051}