{"Overall AUC": 0.7694700460829493, "Balanced Accuracy": 0.5706221198156682, "Accuracy": 0.8640873015873016, "Precision": 0.5348837209302325, "Recall": 0.16428571428571428, "F1": 0.25136612021857924, "_timestamp": 1709339767.0744405, "_runtime": 1.4669034481048584, "_step": 0, "_wandb": {"runtime": 0}}