{"Overall AUC": 0.7478721829552603, "Balanced Accuracy": 0.6710764903970692, "Accuracy": 0.7261904761904762, "Precision": 0.24333333333333335, "Recall": 0.5983606557377049, "F1": 0.3459715639810427, "_timestamp": 1709415984.729706, "_runtime": 1.505728006362915, "_step": 0, "_wandb": {"runtime": 0}}