{"_timestamp": 1709339838.7956636, "_runtime": 0.7919716835021973, "_step": 0, "_wandb": {"runtime": 0}}