{"Overall AUC": 0.7398577019450753, "Balanced Accuracy": 0.6912266293462502, "Accuracy": 0.7321428571428571, "Precision": 0.28338762214983715, "Recall": 0.635036496350365, "F1": 0.3918918918918919, "_timestamp": 1709337364.1558774, "_runtime": 1.3512604236602783, "_step": 0, "_wandb": {"runtime": 0}}