{"Overall AUC": 0.7612322110090983, "Balanced Accuracy": 0.5887814489490111, "Accuracy": 0.8640873015873016, "Precision": 0.5178571428571429, "Recall": 0.20863309352517986, "F1": 0.29743589743589743, "_timestamp": 1709416502.8374343, "_runtime": 1.5695393085479736, "_step": 0, "_wandb": {"runtime": 0}}