{"AR": 0.79, "Kickout": 0, "_timestamp": 1709417158.86595, "_runtime": 1.6294372081756592, "_step": 79, "_wandb": {"runtime": 0}}