{"Overall AUC": 0.7510296231623321, "Balanced Accuracy": 0.6093869883853216, "Accuracy": 0.8551587301587301, "Precision": 0.4044943820224719, "Recall": 0.27906976744186046, "F1": 0.3302752293577982, "_timestamp": 1709338029.5580175, "_runtime": 1.2632365226745605, "_step": 0, "_wandb": {"runtime": 0}}