{"_wandb": {"runtime": 0}, "Overall AUC": 0.7295926568930042, "Balanced Accuracy": 0.6626157407407407, "Accuracy": 0.7341269841269841, "Precision": 0.28321678321678323, "Recall": 0.5625, "F1": 0.3767441860465116, "_timestamp": 1709343391.7127824, "_runtime": 1.5761113166809082, "_step": 618964}