{"Overall AUC": 0.7437839937839938, "Balanced Accuracy": 0.5961072261072261, "Accuracy": 0.8462301587301587, "Precision": 0.4675324675324675, "Recall": 0.24, "F1": 0.31718061674008813, "_timestamp": 1709344090.7698796, "_runtime": 1.5751404762268066, "_step": 0, "_wandb": {"runtime": 0}}