{"_wandb": {"runtime": 0}, "Overall AUC": 0.7202701082830544, "Balanced Accuracy": 0.6502217604986614, "Accuracy": 0.7351190476190477, "Precision": 0.27898550724637683, "Recall": 0.5310344827586206, "F1": 0.3657957244655582, "_timestamp": 1709343482.5266762, "_runtime": 1.6749532222747803, "_step": 449288}