{"AR": 0.79, "Kickout": 0, "_timestamp": 1709417146.8005188, "_runtime": 1.7100436687469482, "_step": 79, "_wandb": {"runtime": 0}}