{"_wandb": {"runtime": 0}, "_timestamp": 1709342144.8495624, "_runtime": 1.0066454410552979, "_step": 418054}