{"_timestamp": 1709328915.6678128, "_runtime": 1.0482587814331055, "_step": 0, "_wandb": {"runtime": 0}}