{"Overall AUC": 0.8012228448872285, "Balanced Accuracy": 0.6269717725197177, "Accuracy": 0.8660714285714286, "Precision": 0.4819277108433735, "Recall": 0.30303030303030304, "F1": 0.37209302325581395, "_timestamp": 1709416960.163205, "_runtime": 1.5438809394836426, "_step": 0, "_wandb": {"runtime": 0}}