{"Overall AUC": 0.7099372677508291, "Balanced Accuracy": 0.6335317856714748, "Accuracy": 0.7261904761904762, "Precision": 0.26353790613718414, "Recall": 0.503448275862069, "F1": 0.3459715639810427, "_timestamp": 1709415831.5463703, "_runtime": 1.5133562088012695, "_step": 0, "_wandb": {"runtime": 0}}