{"Overall AUC": 0.704264534399467, "Balanced Accuracy": 0.5769615192403799, "Accuracy": 0.8591269841269841, "Precision": 0.4642857142857143, "Recall": 0.18840579710144928, "F1": 0.26804123711340205, "_timestamp": 1709339675.023648, "_runtime": 1.5049619674682617, "_step": 0, "_wandb": {"runtime": 0}}