{"Overall AUC": 0.7105684379897258, "Balanced Accuracy": 0.6459141686290613, "Accuracy": 0.7123015873015873, "Precision": 0.24918032786885247, "Recall": 0.5547445255474452, "F1": 0.3438914027149321, "_timestamp": 1709339340.146485, "_runtime": 1.6536409854888916, "_step": 0, "_wandb": {"runtime": 0}}