{"Overall AUC": 0.7753891711044034, "Balanced Accuracy": 0.7034896561878818, "Accuracy": 0.7351190476190477, "Precision": 0.2980769230769231, "Recall": 0.6595744680851063, "F1": 0.4105960264900662, "_timestamp": 1709328944.3154037, "_runtime": 1.653045654296875, "_step": 0, "_wandb": {"runtime": 0}}