{"Overall AUC": 0.7214553615346779, "Balanced Accuracy": 0.5, "Accuracy": 0.8492063492063492, "Precision": 0.0, "Recall": 0.0, "F1": 0.0, "_timestamp": 1709338696.1997552, "_runtime": 1.3215131759643555, "_step": 0, "_wandb": {"runtime": 0}}