{"AR": 0.79, "Kickout": 0.029126213592233073, "_timestamp": 1709417014.733815, "_runtime": 1.6694579124450684, "_step": 79, "_wandb": {"runtime": 0}}