{"Overall AUC": 0.7204836166111793, "Balanced Accuracy": 0.659181706676012, "Accuracy": 0.7430555555555556, "Precision": 0.26199261992619927, "Recall": 0.5461538461538461, "F1": 0.3541147132169576, "_timestamp": 1709338964.3380132, "_runtime": 1.5621342658996582, "_step": 0, "_wandb": {"runtime": 0}}