{"Overall AUC": 0.7214298230243561, "Balanced Accuracy": 0.6635973366041703, "Accuracy": 0.7450396825396826, "Precision": 0.2656826568265683, "Recall": 0.5538461538461539, "F1": 0.35910224438902744, "_timestamp": 1709338958.5688567, "_runtime": 1.5661227703094482, "_step": 0, "_wandb": {"runtime": 0}}