{"Overall AUC": 0.7529226901319925, "Balanced Accuracy": 0.6790226272784412, "Accuracy": 0.7529761904761905, "Precision": 0.31365313653136534, "Recall": 0.5743243243243243, "F1": 0.40572792362768495, "_timestamp": 1709416102.59242, "_runtime": 2.1201441287994385, "_step": 0, "_wandb": {"runtime": 0}}