{"AR": 0.79, "Kickout": 0.0047846889952153126, "_timestamp": 1709417170.48394, "_runtime": 1.625025987625122, "_step": 79, "_wandb": {"runtime": 0}}