{"_timestamp": 1709339327.929012, "_runtime": 0.6642889976501465, "_step": 0, "_wandb": {"runtime": 0}}