{"Overall AUC": 0.7723122427983539, "Balanced Accuracy": 0.5688657407407407, "Accuracy": 0.8462301587301587, "Precision": 0.4126984126984127, "Recall": 0.18055555555555555, "F1": 0.25120772946859904, "_timestamp": 1709338855.7045555, "_runtime": 1.6305325031280518, "_step": 0, "_wandb": {"runtime": 0}}