{"Overall AUC": 0.758186895810956, "Balanced Accuracy": 0.5849323308270676, "Accuracy": 0.8660714285714286, "Precision": 0.48214285714285715, "Recall": 0.20300751879699247, "F1": 0.2857142857142857, "_timestamp": 1709344198.6614347, "_runtime": 1.3094236850738525, "_step": 0, "_wandb": {"runtime": 0}}