{"_wandb": {"runtime": 0}, "Overall AUC": 0.7128136805180789, "Balanced Accuracy": 0.6486440906637885, "Accuracy": 0.7410714285714286, "Precision": 0.26591760299625467, "Recall": 0.5220588235294118, "F1": 0.3523573200992556, "_timestamp": 1709342979.6557865, "_runtime": 1.5846104621887207, "_step": 357198}