{"Overall AUC": 0.6947696487793182, "Balanced Accuracy": 0.5509769448995085, "Accuracy": 0.8402777777777778, "Precision": 0.3620689655172414, "Recall": 0.14482758620689656, "F1": 0.20689655172413793, "_timestamp": 1709415849.2954917, "_runtime": 1.4434278011322021, "_step": 0, "_wandb": {"runtime": 0}}