{"Overall AUC": 0.734864845409063, "Balanced Accuracy": 0.6462585034013606, "Accuracy": 0.7321428571428571, "Precision": 0.24100719424460432, "Recall": 0.5317460317460317, "F1": 0.3316831683168317, "_timestamp": 1709339546.1320138, "_runtime": 1.3086466789245605, "_step": 0, "_wandb": {"runtime": 0}}