{"Overall AUC": 0.7759083368571708, "Balanced Accuracy": 0.6831311192791856, "Accuracy": 0.753968253968254, "Precision": 0.30514705882352944, "Recall": 0.5845070422535211, "F1": 0.40096618357487923, "_timestamp": 1709415710.4911847, "_runtime": 1.4925847053527832, "_step": 0, "_wandb": {"runtime": 0}}