{"Overall AUC": 0.7218399859210406, "Balanced Accuracy": 0.5450275293940181, "Accuracy": 0.8462301587301587, "Precision": 0.3333333333333333, "Recall": 0.13138686131386862, "F1": 0.18848167539267016, "_timestamp": 1709339372.753492, "_runtime": 1.300032138824463, "_step": 0, "_wandb": {"runtime": 0}}