{"Overall AUC": 0.7608893777498429, "Balanced Accuracy": 0.6912633563796354, "Accuracy": 0.75, "Precision": 0.31690140845070425, "Recall": 0.6081081081081081, "F1": 0.4166666666666667, "_timestamp": 1709416109.6484823, "_runtime": 1.7011032104492188, "_step": 0, "_wandb": {"runtime": 0}}