{"Overall AUC": 0.7376599553756471, "Balanced Accuracy": 0.6722358917374395, "Accuracy": 0.7628968253968254, "Precision": 0.28174603174603174, "Recall": 0.5503875968992248, "F1": 0.37270341207349084, "_timestamp": 1709337976.9855833, "_runtime": 1.4803624153137207, "_step": 0, "_wandb": {"runtime": 0}}