{"Overall AUC": 0.7461065378380954, "Balanced Accuracy": 0.5858071385436863, "Accuracy": 0.8462301587301587, "Precision": 0.4383561643835616, "Recall": 0.2191780821917808, "F1": 0.2922374429223744, "_timestamp": 1709417115.966032, "_runtime": 1.729146957397461, "_step": 0, "_wandb": {"runtime": 0}}