{"_timestamp": 1709416919.8878973, "_runtime": 1.4212121963500977, "_step": 0, "_wandb": {"runtime": 0}}