{"_timestamp": 1709344030.158596, "_runtime": 1.1890430450439453, "_step": 0, "_wandb": {"runtime": 0}}