{"_timestamp": 1709339540.346924, "_runtime": 0.747779130935669, "_step": 0, "_wandb": {"runtime": 0}}