{"_wandb": {"runtime": 0}, "Overall AUC": 0.71911135973149, "Balanced Accuracy": 0.5842729851760099, "Accuracy": 0.8432539682539683, "Precision": 0.4155844155844156, "Recall": 0.2206896551724138, "F1": 0.2882882882882883, "_timestamp": 1709343509.1754675, "_runtime": 1.3442165851593018, "_step": 449288}