{"_wandb": {"runtime": 0}, "_timestamp": 1709343373.814996, "_runtime": 0.6907150745391846, "_step": 618964}