{"Overall AUC": 0.7491721556347407, "Balanced Accuracy": 0.5895691609977325, "Accuracy": 0.8650793650793651, "Precision": 0.42424242424242425, "Recall": 0.2222222222222222, "F1": 0.2916666666666667, "_timestamp": 1709339564.3588147, "_runtime": 1.5044426918029785, "_step": 0, "_wandb": {"runtime": 0}}