{"Overall AUC": 0.7373649832141292, "Balanced Accuracy": 0.5666508538899431, "Accuracy": 0.8601190476190477, "Precision": 0.36065573770491804, "Recall": 0.1774193548387097, "F1": 0.23783783783783785, "_timestamp": 1709339874.6625717, "_runtime": 1.5387625694274902, "_step": 0, "_wandb": {"runtime": 0}}