{"Overall AUC": 0.7089311079545455, "Balanced Accuracy": 0.5587357954545454, "Accuracy": 0.8531746031746031, "Precision": 0.3387096774193548, "Recall": 0.1640625, "F1": 0.22105263157894736, "_timestamp": 1709344314.5949275, "_runtime": 1.3112726211547852, "_step": 0, "_wandb": {"runtime": 0}}