{"Overall AUC": 0.7429516648764769, "Balanced Accuracy": 0.6642406015037594, "Accuracy": 0.7380952380952381, "Precision": 0.2669039145907473, "Recall": 0.5639097744360902, "F1": 0.36231884057971014, "_timestamp": 1709344175.4834876, "_runtime": 1.5676054954528809, "_step": 0, "_wandb": {"runtime": 0}}