{"_wandb": {"runtime": 0}, "_timestamp": 1709343241.737032, "_runtime": 6.022687911987305, "_step": 878277}