{"Overall AUC": 0.7712172895858385, "Balanced Accuracy": 0.5659034577535644, "Accuracy": 0.8611111111111112, "Precision": 0.5116279069767442, "Recall": 0.15602836879432624, "F1": 0.2391304347826087, "_timestamp": 1709328955.8644578, "_runtime": 1.6194777488708496, "_step": 0, "_wandb": {"runtime": 0}}