{"Overall AUC": 0.781494974465732, "Balanced Accuracy": 0.6023403701655661, "Accuracy": 0.8680555555555556, "Precision": 0.5789473684210527, "Recall": 0.2323943661971831, "F1": 0.3316582914572864, "_timestamp": 1709415742.2512496, "_runtime": 1.6119756698608398, "_step": 0, "_wandb": {"runtime": 0}}