{"Overall AUC": 0.7239968459786227, "Balanced Accuracy": 0.552575784124759, "Accuracy": 0.8541666666666666, "Precision": 0.34545454545454546, "Recall": 0.14615384615384616, "F1": 0.20540540540540542, "_timestamp": 1709338982.281666, "_runtime": 1.558887004852295, "_step": 0, "_wandb": {"runtime": 0}}