{"_wandb": {"runtime": 0}, "Overall AUC": 0.7766441650834714, "Balanced Accuracy": 0.5922066372933426, "Accuracy": 0.8611111111111112, "Precision": 0.5254237288135594, "Recall": 0.21678321678321677, "F1": 0.3069306930693069, "_timestamp": 1709343163.177217, "_runtime": 1.4367890357971191, "_step": 897365}