{"Overall AUC": 0.7201942501942502, "Balanced Accuracy": 0.6464568764568766, "Accuracy": 0.7212301587301587, "Precision": 0.2764505119453925, "Recall": 0.54, "F1": 0.3656884875846501, "_timestamp": 1709344045.8423615, "_runtime": 1.6834185123443604, "_step": 0, "_wandb": {"runtime": 0}}