{"Overall AUC": 0.712539965568126, "Balanced Accuracy": 0.6396028037383177, "Accuracy": 0.7371031746031746, "Precision": 0.28679245283018867, "Recall": 0.5, "F1": 0.3645083932853717, "_timestamp": 1709338682.3596282, "_runtime": 1.525569200515747, "_step": 0, "_wandb": {"runtime": 0}}