{"Overall AUC": 0.7107776988636364, "Balanced Accuracy": 0.533877840909091, "Accuracy": 0.8680555555555556, "Precision": 0.4074074074074074, "Recall": 0.0859375, "F1": 0.14193548387096774, "_timestamp": 1709416310.947333, "_runtime": 1.58644700050354, "_step": 0, "_wandb": {"runtime": 0}}