{"Overall AUC": 0.7047908259080193, "Balanced Accuracy": 0.6231869580852679, "Accuracy": 0.7232142857142857, "Precision": 0.25547445255474455, "Recall": 0.4827586206896552, "F1": 0.3341288782816229, "_timestamp": 1709415815.825707, "_runtime": 1.583993911743164, "_step": 0, "_wandb": {"runtime": 0}}