{"Overall AUC": 0.775455688246386, "Balanced Accuracy": 0.6150377121307353, "Accuracy": 0.8442460317460317, "Precision": 0.45263157894736844, "Recall": 0.2905405405405405, "F1": 0.35390946502057613, "_timestamp": 1709416132.8085072, "_runtime": 1.6178772449493408, "_step": 0, "_wandb": {"runtime": 0}}