{"Overall AUC": 0.7495439120530102, "Balanced Accuracy": 0.6692582544828956, "Accuracy": 0.7311507936507936, "Precision": 0.23972602739726026, "Recall": 0.5882352941176471, "F1": 0.340632603406326, "_timestamp": 1709339226.0288658, "_runtime": 1.1891899108886719, "_step": 0, "_wandb": {"runtime": 0}}