{"Overall AUC": 0.7731469488953855, "Balanced Accuracy": 0.5699959293934795, "Accuracy": 0.8591269841269841, "Precision": 0.3484848484848485, "Recall": 0.1885245901639344, "F1": 0.24468085106382978, "_timestamp": 1709416010.871543, "_runtime": 1.6347620487213135, "_step": 0, "_wandb": {"runtime": 0}}