{"Overall AUC": 0.7601062993103791, "Balanced Accuracy": 0.6030291991953043, "Accuracy": 0.8521825396825397, "Precision": 0.43902439024390244, "Recall": 0.2589928057553957, "F1": 0.3257918552036199, "_timestamp": 1709416496.892746, "_runtime": 1.459975004196167, "_step": 0, "_wandb": {"runtime": 0}}