{"_timestamp": 1709344163.8216696, "_runtime": 0.7188806533813477, "_step": 0, "_wandb": {"runtime": 0}}