{"Overall AUC": 0.7298287588780547, "Balanced Accuracy": 0.6793066088840736, "Accuracy": 0.75, "Precision": 0.32608695652173914, "Recall": 0.5769230769230769, "F1": 0.4166666666666667, "_timestamp": 1709339446.3296368, "_runtime": 1.5470187664031982, "_step": 0, "_wandb": {"runtime": 0}}