{"Overall AUC": 0.7407026732328152, "Balanced Accuracy": 0.5246141196028136, "Accuracy": 0.8581349206349206, "Precision": 0.2777777777777778, "Recall": 0.07874015748031496, "F1": 0.12269938650306748, "_timestamp": 1709416634.2206063, "_runtime": 1.5738153457641602, "_step": 0, "_wandb": {"runtime": 0}}