{"Overall AUC": 0.754576235779505, "Balanced Accuracy": 0.583321002376248, "Accuracy": 0.8511904761904762, "Precision": 0.37662337662337664, "Recall": 0.22137404580152673, "F1": 0.27884615384615385, "_timestamp": 1709337624.2409546, "_runtime": 1.5346925258636475, "_step": 0, "_wandb": {"runtime": 0}}