{"_timestamp": 1709339638.9820387, "_runtime": 0.7572486400604248, "_step": 0, "_wandb": {"runtime": 0}}