{"Overall AUC": 0.7413986013986014, "Balanced Accuracy": 0.5681818181818182, "Accuracy": 0.8501984126984127, "Precision": 0.49019607843137253, "Recall": 0.16666666666666666, "F1": 0.24875621890547264, "_timestamp": 1709344057.7927806, "_runtime": 1.4410555362701416, "_step": 0, "_wandb": {"runtime": 0}}