{"Overall AUC": 0.7742536140791955, "Balanced Accuracy": 0.6101351351351352, "Accuracy": 0.8501984126984127, "Precision": 0.4819277108433735, "Recall": 0.2702702702702703, "F1": 0.3463203463203463, "_timestamp": 1709416116.6412175, "_runtime": 1.4977974891662598, "_step": 0, "_wandb": {"runtime": 0}}