{"_wandb": {"runtime": 0}, "Overall AUC": 0.7391389733255916, "Balanced Accuracy": 0.5594794904197548, "Accuracy": 0.8551587301587301, "Precision": 0.3888888888888889, "Recall": 0.15671641791044777, "F1": 0.22340425531914893, "_timestamp": 1709343294.5663102, "_runtime": 22.711340188980103, "_step": 878277}