{"Overall AUC": 0.7529941110302389, "Balanced Accuracy": 0.5920730496923179, "Accuracy": 0.871031746031746, "Precision": 0.4153846153846154, "Recall": 0.226890756302521, "F1": 0.29347826086956524, "_timestamp": 1709339256.2193124, "_runtime": 1.2980124950408936, "_step": 0, "_wandb": {"runtime": 0}}