{"Overall AUC": 0.7229847301136364, "Balanced Accuracy": 0.529971590909091, "Accuracy": 0.8670634920634921, "Precision": 0.38461538461538464, "Recall": 0.078125, "F1": 0.12987012987012986, "_timestamp": 1709416304.4558733, "_runtime": 1.5368621349334717, "_step": 0, "_wandb": {"runtime": 0}}