{"AR": 0.79, "Kickout": 0, "_timestamp": 1709417153.0859575, "_runtime": 1.745424509048462, "_step": 79, "_wandb": {"runtime": 0}}