{"Overall AUC": 0.6684335811921764, "Balanced Accuracy": 0.6156224692630494, "Accuracy": 0.5277777777777778, "Precision": 0.19152854511970535, "Recall": 0.7375886524822695, "F1": 0.30409356725146197, "_timestamp": 1709325911.2115276, "_runtime": 61.245593547821045, "_step": 0, "_wandb": {"runtime": 60}}