{"AR": 0.79, "Kickout": 0, "_timestamp": 1709417008.8985143, "_runtime": 1.6758203506469727, "_step": 79, "_wandb": {"runtime": 0}}