{"Overall AUC": 0.7324913892078072, "Balanced Accuracy": 0.6639570256521994, "Accuracy": 0.7222222222222222, "Precision": 0.264026402640264, "Recall": 0.583941605839416, "F1": 0.36363636363636365, "_timestamp": 1709337355.1344652, "_runtime": 1.537189245223999, "_step": 0, "_wandb": {"runtime": 0}}