{"_wandb": {"runtime": 0}, "Overall AUC": 0.7728364121427704, "Balanced Accuracy": 0.689773232547799, "Accuracy": 0.7430555555555556, "Precision": 0.3013698630136986, "Recall": 0.6153846153846154, "F1": 0.4045977011494253, "_timestamp": 1709343144.7439685, "_runtime": 1.5894715785980225, "_step": 897365}