{"_timestamp": 1709416274.955739, "_runtime": 1.1586310863494873, "_step": 0, "_wandb": {"runtime": 0}}