{"Overall AUC": 0.7657180919957073, "Balanced Accuracy": 0.537329312067498, "Accuracy": 0.8700396825396826, "Precision": 0.36363636363636365, "Recall": 0.09836065573770492, "F1": 0.15483870967741936, "_timestamp": 1709416002.9323504, "_runtime": 1.891155481338501, "_step": 0, "_wandb": {"runtime": 0}}