{"Overall AUC": 0.741966754600642, "Balanced Accuracy": 0.6349839494008835, "Accuracy": 0.7162698412698413, "Precision": 0.2602739726027397, "Recall": 0.5205479452054794, "F1": 0.3470319634703196, "_timestamp": 1709417109.9100504, "_runtime": 1.5793304443359375, "_step": 0, "_wandb": {"runtime": 0}}