{"Overall AUC": 0.7306359851253854, "Balanced Accuracy": 0.538084416616343, "Accuracy": 0.8521825396825397, "Precision": 0.45161290322580644, "Recall": 0.0958904109589041, "F1": 0.15819209039548024, "_timestamp": 1709417121.9145613, "_runtime": 1.6459553241729736, "_step": 0, "_wandb": {"runtime": 0}}