{"Overall AUC": 0.7193980823863637, "Balanced Accuracy": 0.6357954545454545, "Accuracy": 0.7371031746031746, "Precision": 0.24150943396226415, "Recall": 0.5, "F1": 0.3256997455470738, "_timestamp": 1709416298.5581536, "_runtime": 1.4767975807189941, "_step": 0, "_wandb": {"runtime": 0}}