{"Overall AUC": 0.7902916147779162, "Balanced Accuracy": 0.7089559983395599, "Accuracy": 0.7569444444444444, "Precision": 0.3003533568904594, "Recall": 0.6439393939393939, "F1": 0.40963855421686746, "_timestamp": 1709416942.6364527, "_runtime": 1.476691722869873, "_step": 0, "_wandb": {"runtime": 0}}