{"AR": 0.79, "Kickout": 0, "_timestamp": 1709416996.1865811, "_runtime": 5.218855142593384, "_step": 79, "_wandb": {"runtime": 0}}