{"Overall AUC": 0.725712143928036, "Balanced Accuracy": 0.6638680659670164, "Accuracy": 0.746031746031746, "Precision": 0.2814814814814815, "Recall": 0.5507246376811594, "F1": 0.37254901960784315, "_timestamp": 1709339644.7752645, "_runtime": 1.435314416885376, "_step": 0, "_wandb": {"runtime": 0}}