{"Overall AUC": 0.7487240942955072, "Balanced Accuracy": 0.5691796491992591, "Accuracy": 0.8720238095238095, "Precision": 0.6176470588235294, "Recall": 0.15328467153284672, "F1": 0.24561403508771928, "_timestamp": 1709337378.7866578, "_runtime": 1.3315699100494385, "_step": 0, "_wandb": {"runtime": 0}}