{"_wandb": {"runtime": 0}, "Overall AUC": 0.7055113329735564, "Balanced Accuracy": 0.5616230437128981, "Accuracy": 0.8482142857142857, "Precision": 0.36507936507936506, "Recall": 0.16911764705882354, "F1": 0.23115577889447236, "_timestamp": 1709343034.337871, "_runtime": 1.4069089889526367, "_step": 357198}