{"_wandb": {"runtime": 0}, "Overall AUC": 0.7002836936109001, "Balanced Accuracy": 0.5864786031086426, "Accuracy": 0.8273809523809523, "Precision": 0.3564356435643564, "Recall": 0.2482758620689655, "F1": 0.2926829268292683, "_timestamp": 1709343515.5078595, "_runtime": 1.3973214626312256, "_step": 449288}