{"Overall AUC": 0.746805771859009, "Balanced Accuracy": 0.5783777770714807, "Accuracy": 0.8432539682539683, "Precision": 0.4166666666666667, "Recall": 0.2054794520547945, "F1": 0.27522935779816515, "_timestamp": 1709417127.6879542, "_runtime": 1.5724012851715088, "_step": 0, "_wandb": {"runtime": 0}}