{"Overall AUC": 0.7189679341159979, "Balanced Accuracy": 0.552575784124759, "Accuracy": 0.8541666666666666, "Precision": 0.34545454545454546, "Recall": 0.14615384615384616, "F1": 0.20540540540540542, "_timestamp": 1709338970.3538647, "_runtime": 1.3310446739196777, "_step": 0, "_wandb": {"runtime": 0}}