{"_wandb": {"runtime": 0}, "Overall AUC": 0.7277313600442481, "Balanced Accuracy": 0.6539090063439121, "Accuracy": 0.7420634920634921, "Precision": 0.27137546468401486, "Recall": 0.5328467153284672, "F1": 0.35960591133004927, "_timestamp": 1709342045.7266731, "_runtime": 1.5216090679168701, "_step": 788051}