{"Overall AUC": 0.7176816148092489, "Balanced Accuracy": 0.5678131083711876, "Accuracy": 0.8531746031746031, "Precision": 0.3870967741935484, "Recall": 0.1791044776119403, "F1": 0.24489795918367346, "_timestamp": 1709415632.9859116, "_runtime": 1.6065595149993896, "_step": 0, "_wandb": {"runtime": 0}}