{"Overall AUC": 0.767578125, "Balanced Accuracy": 0.5642361111111112, "Accuracy": 0.8482142857142857, "Precision": 0.42105263157894735, "Recall": 0.16666666666666666, "F1": 0.23880597014925373, "_timestamp": 1709338839.5283873, "_runtime": 1.5565762519836426, "_step": 0, "_wandb": {"runtime": 0}}