{"_wandb": {"runtime": 0}, "Overall AUC": 0.7594102328312997, "Balanced Accuracy": 0.593518897741235, "Accuracy": 0.8561507936507936, "Precision": 0.55, "Recall": 0.2185430463576159, "F1": 0.3127962085308057, "_timestamp": 1709342168.1510346, "_runtime": 1.4995737075805664, "_step": 418054}