{"Overall AUC": 0.7624903549382717, "Balanced Accuracy": 0.6840277777777778, "Accuracy": 0.746031746031746, "Precision": 0.3028169014084507, "Recall": 0.5972222222222222, "F1": 0.40186915887850466, "_timestamp": 1709338821.980539, "_runtime": 1.457930088043213, "_step": 0, "_wandb": {"runtime": 0}}