{"_wandb": {"runtime": 0}, "Overall AUC": 0.7318029835390947, "Balanced Accuracy": 0.6521990740740741, "Accuracy": 0.7311507936507936, "Precision": 0.2756183745583039, "Recall": 0.5416666666666666, "F1": 0.36533957845433257, "_timestamp": 1709343385.7936358, "_runtime": 1.6432437896728516, "_step": 618964}