{"_timestamp": 1709416087.6766393, "_runtime": 0.927936315536499, "_step": 0, "_wandb": {"runtime": 0}}