{"Overall AUC": 0.7348471168893704, "Balanced Accuracy": 0.6761014806789454, "Accuracy": 0.7490079365079365, "Precision": 0.3236363636363636, "Recall": 0.5705128205128205, "F1": 0.41299303944315546, "_timestamp": 1709339459.9356124, "_runtime": 1.6037795543670654, "_step": 0, "_wandb": {"runtime": 0}}