{"_wandb": {"runtime": 0}, "Overall AUC": 0.7067637667920922, "Balanced Accuracy": 0.5425259999832394, "Accuracy": 0.8472222222222222, "Precision": 0.3333333333333333, "Recall": 0.12408759124087591, "F1": 0.18085106382978725, "_timestamp": 1709342069.04319, "_runtime": 1.395585060119629, "_step": 788051}