{"_timestamp": 1709339440.5015447, "_runtime": 0.8012187480926514, "_step": 0, "_wandb": {"runtime": 0}}