{"_wandb": {"runtime": 0}, "Overall AUC": 0.7566595254456525, "Balanced Accuracy": 0.677464731799992, "Accuracy": 0.751984126984127, "Precision": 0.3025830258302583, "Recall": 0.5734265734265734, "F1": 0.3961352657004831, "_timestamp": 1709343138.939495, "_runtime": 1.2719881534576416, "_step": 897365}