{"AR": 0.2, "Kickout": 0, "_timestamp": 1709416323.464708, "_runtime": 1.509775161743164, "_step": 0, "_wandb": {"runtime": 0}}