{"_wandb": {"runtime": 0}, "Overall AUC": 0.7142809255239804, "Balanced Accuracy": 0.5740611931918175, "Accuracy": 0.8432539682539683, "Precision": 0.36363636363636365, "Recall": 0.20437956204379562, "F1": 0.2616822429906542, "_timestamp": 1709342075.0990386, "_runtime": 1.6342697143554688, "_step": 788051}