{"Overall AUC": 0.7041049717106053, "Balanced Accuracy": 0.4994131455399061, "Accuracy": 0.8442460317460317, "Precision": 0.0, "Recall": 0.0, "F1": 0.0, "_timestamp": 1709339465.7821367, "_runtime": 1.5403056144714355, "_step": 0, "_wandb": {"runtime": 0}}