{"Overall AUC": 0.6989565900474743, "Balanced Accuracy": 0.629862700228833, "Accuracy": 0.7251984126984127, "Precision": 0.24187725631768953, "Recall": 0.5, "F1": 0.3260340632603406, "_timestamp": 1709415609.6310806, "_runtime": 1.3940887451171875, "_step": 0, "_wandb": {"runtime": 0}}