{"Overall AUC": 0.7535344054572729, "Balanced Accuracy": 0.6170355409923991, "Accuracy": 0.875, "Precision": 0.5901639344262295, "Recall": 0.26277372262773724, "F1": 0.36363636363636365, "_timestamp": 1709337390.5278516, "_runtime": 1.5281755924224854, "_step": 0, "_wandb": {"runtime": 0}}