{"Overall AUC": 0.7509239916439016, "Balanced Accuracy": 0.6667438628994905, "Accuracy": 0.7331349206349206, "Precision": 0.23958333333333334, "Recall": 0.5798319327731093, "F1": 0.33906633906633904, "_timestamp": 1709339242.7516096, "_runtime": 1.3378324508666992, "_step": 0, "_wandb": {"runtime": 0}}