{"Overall AUC": 0.7548982913645582, "Balanced Accuracy": 0.6005205114590859, "Accuracy": 0.8472222222222222, "Precision": 0.3763440860215054, "Recall": 0.26717557251908397, "F1": 0.3125, "_timestamp": 1709337636.8458688, "_runtime": 1.5701029300689697, "_step": 0, "_wandb": {"runtime": 0}}