{"Overall AUC": 0.7463782659465772, "Balanced Accuracy": 0.5244124945263465, "Accuracy": 0.8650793650793651, "Precision": 0.3, "Recall": 0.07258064516129033, "F1": 0.11688311688311688, "_timestamp": 1709339868.7967947, "_runtime": 1.8120596408843994, "_step": 0, "_wandb": {"runtime": 0}}