{"Overall AUC": 0.7182084517045455, "Balanced Accuracy": 0.6352982954545454, "Accuracy": 0.7420634920634921, "Precision": 0.2441860465116279, "Recall": 0.4921875, "F1": 0.32642487046632124, "_timestamp": 1709416281.7293065, "_runtime": 1.246079444885254, "_step": 0, "_wandb": {"runtime": 0}}