{"_wandb": {"runtime": 0}, "_timestamp": 1709342970.72718, "_runtime": 0.865386962890625, "_step": 357198}