{"Overall AUC": 0.7617750128600824, "Balanced Accuracy": 0.6903935185185186, "Accuracy": 0.7470238095238095, "Precision": 0.30662020905923343, "Recall": 0.6111111111111112, "F1": 0.40835266821345706, "_timestamp": 1709338833.7025654, "_runtime": 1.4888365268707275, "_step": 0, "_wandb": {"runtime": 0}}