{"Overall AUC": 0.7791204501837816, "Balanced Accuracy": 0.5834661548970498, "Accuracy": 0.871031746031746, "Precision": 0.65, "Recall": 0.18309859154929578, "F1": 0.2857142857142857, "_timestamp": 1709415736.4696624, "_runtime": 4.4469335079193115, "_step": 0, "_wandb": {"runtime": 0}}