{"Overall AUC": 0.7885101010101011, "Balanced Accuracy": 0.7284661685346616, "Accuracy": 0.7628968253968254, "Precision": 0.313588850174216, "Recall": 0.6818181818181818, "F1": 0.4295942720763723, "_timestamp": 1709416936.785701, "_runtime": 1.516206979751587, "_step": 0, "_wandb": {"runtime": 0}}