{"_wandb": {"runtime": 0}, "Overall AUC": 0.7121306664867781, "Balanced Accuracy": 0.635894495412844, "Accuracy": 0.7351190476190477, "Precision": 0.2546816479400749, "Recall": 0.5, "F1": 0.337468982630273, "_timestamp": 1709342994.279271, "_runtime": 1.6305289268493652, "_step": 357198}