{"AR": 0.79, "Kickout": 0, "_timestamp": 1709416986.8775816, "_runtime": 1.6203665733337402, "_step": 79, "_wandb": {"runtime": 0}}