{"Overall AUC": 0.7225144301376414, "Balanced Accuracy": 0.5701014378906384, "Accuracy": 0.8571428571428571, "Precision": 0.41379310344827586, "Recall": 0.1791044776119403, "F1": 0.25, "_timestamp": 1709415621.2363765, "_runtime": 1.59779953956604, "_step": 0, "_wandb": {"runtime": 0}}