{"_timestamp": 1709416604.5790136, "_runtime": 1.0382285118103027, "_step": 0, "_wandb": {"runtime": 0}}