{"_wandb": {"runtime": 0}, "Overall AUC": 0.7602602641279066, "Balanced Accuracy": 0.6883282975418641, "Accuracy": 0.7529761904761905, "Precision": 0.3237410071942446, "Recall": 0.5960264900662252, "F1": 0.4195804195804196, "_timestamp": 1709342162.2254016, "_runtime": 1.491316556930542, "_step": 418054}