{"Overall AUC": 0.7367781203318183, "Balanced Accuracy": 0.6538473762832533, "Accuracy": 0.7242063492063492, "Precision": 0.2755102040816326, "Recall": 0.5547945205479452, "F1": 0.36818181818181817, "_timestamp": 1709417104.137032, "_runtime": 1.6401290893554688, "_step": 0, "_wandb": {"runtime": 0}}