{"Overall AUC": 0.7464529118734109, "Balanced Accuracy": 0.6100046317739695, "Accuracy": 0.876984126984127, "Precision": 0.4626865671641791, "Recall": 0.2605042016806723, "F1": 0.3333333333333333, "_timestamp": 1709339265.5260413, "_runtime": 3.4638452529907227, "_step": 0, "_wandb": {"runtime": 0}}