{"_wandb": {"runtime": 0}, "Overall AUC": 0.7166979661965078, "Balanced Accuracy": 0.6582490909817398, "Accuracy": 0.7341269841269841, "Precision": 0.2826855123674912, "Recall": 0.5517241379310345, "F1": 0.37383177570093457, "_timestamp": 1709343494.6036854, "_runtime": 1.3472814559936523, "_step": 449288}