{"Overall AUC": 0.7624072574378102, "Balanced Accuracy": 0.5962600309210042, "Accuracy": 0.8571428571428571, "Precision": 0.4782608695652174, "Recall": 0.23404255319148937, "F1": 0.3142857142857143, "_timestamp": 1709328950.0053205, "_runtime": 1.4847955703735352, "_step": 0, "_wandb": {"runtime": 0}}