{"_timestamp": 1709415593.4069371, "_runtime": 0.9797120094299316, "_step": 0, "_wandb": {"runtime": 0}}