{"Overall AUC": 0.769193903205531, "Balanced Accuracy": 0.5576838466373351, "Accuracy": 0.8561507936507936, "Precision": 0.5405405405405406, "Recall": 0.13513513513513514, "F1": 0.21621621621621623, "_timestamp": 1709416125.9816005, "_runtime": 5.181516408920288, "_step": 0, "_wandb": {"runtime": 0}}