{"_timestamp": 1709338814.9006631, "_runtime": 0.6419272422790527, "_step": 0, "_wandb": {"runtime": 0}}