{"Overall AUC": 0.7489752953813104, "Balanced Accuracy": 0.6546766917293233, "Accuracy": 0.7380952380952381, "Precision": 0.26181818181818184, "Recall": 0.5413533834586466, "F1": 0.35294117647058826, "_timestamp": 1709344181.1638505, "_runtime": 1.514615535736084, "_step": 0, "_wandb": {"runtime": 0}}