{"Overall AUC": 0.7334611093114495, "Balanced Accuracy": 0.6496598639455782, "Accuracy": 0.7380952380952381, "Precision": 0.24632352941176472, "Recall": 0.5317460317460317, "F1": 0.33668341708542715, "_timestamp": 1709339558.3983243, "_runtime": 1.4925212860107422, "_step": 0, "_wandb": {"runtime": 0}}