{"AR": 0.79, "Kickout": 0, "_timestamp": 1709417164.75854, "_runtime": 1.6795628070831299, "_step": 79, "_wandb": {"runtime": 0}}