{"_wandb": {"runtime": 0}, "_timestamp": 1709342039.983886, "_runtime": 0.8516459465026855, "_step": 788051}