{"Overall AUC": 0.7343389591511659, "Balanced Accuracy": 0.661006032014066, "Accuracy": 0.7321428571428571, "Precision": 0.2578397212543554, "Recall": 0.5648854961832062, "F1": 0.35406698564593303, "_timestamp": 1709337605.9924839, "_runtime": 1.513056755065918, "_step": 0, "_wandb": {"runtime": 0}}