{"_timestamp": 1709338666.1803994, "_runtime": 1.1221094131469727, "_step": 0, "_wandb": {"runtime": 0}}