{"Overall AUC": 0.7085434087555337, "Balanced Accuracy": 0.6339768814559764, "Accuracy": 0.7321428571428571, "Precision": 0.2798507462686567, "Recall": 0.4934210526315789, "F1": 0.35714285714285715, "_timestamp": 1709338674.5815115, "_runtime": 1.5453474521636963, "_step": 0, "_wandb": {"runtime": 0}}