{"Overall AUC": 0.752793431577462, "Balanced Accuracy": 0.5887239728020742, "Accuracy": 0.871031746031746, "Precision": 0.4909090909090909, "Recall": 0.20930232558139536, "F1": 0.29347826086956524, "_timestamp": 1709337996.0162096, "_runtime": 1.8140175342559814, "_step": 0, "_wandb": {"runtime": 0}}