{"_wandb": {"runtime": 0}, "Overall AUC": 0.7405563714607739, "Balanced Accuracy": 0.6910072065302777, "Accuracy": 0.7380952380952381, "Precision": 0.28187919463087246, "Recall": 0.6268656716417911, "F1": 0.3888888888888889, "_timestamp": 1709343247.4713712, "_runtime": 1.315824270248413, "_step": 878277}