{"Overall AUC": 0.7432512687614728, "Balanced Accuracy": 0.6060090702947846, "Accuracy": 0.8640873015873016, "Precision": 0.42857142857142855, "Recall": 0.2619047619047619, "F1": 0.3251231527093596, "_timestamp": 1709339576.243691, "_runtime": 1.2431559562683105, "_step": 0, "_wandb": {"runtime": 0}}