{"Overall AUC": 0.7493276001636391, "Balanced Accuracy": 0.6835107540452793, "Accuracy": 0.7430555555555556, "Precision": 0.2762237762237762, "Recall": 0.6030534351145038, "F1": 0.37889688249400477, "_timestamp": 1709337599.6372533, "_runtime": 1.6089763641357422, "_step": 0, "_wandb": {"runtime": 0}}